-- ========================
-- INSERT DUMMY DATA
-- ========================

-- User
INSERT INTO appuser (id, username, password, full_name, role, email) VALUES
(1, 'admin', 'admin123', 'Nguyen Van A', 'scheduler', 'admin@example.com'),
(2, 'viewer1', 'pass123', 'Tran Thi B', 'viewer', 'viewer1@example.com');

-- Curriculum
INSERT INTO Curriculum (id, program) VALUES
(1, 'DH'),
(2, 'CD');

-- Subject
INSERT INTO Subject (id, name, category, prerequisite_id) VALUES
(1, 'Hoc phan CT1', 'CT', NULL),
(2, 'Hoc phan CT2', 'CT', NULL),
(3, 'Hoc phan CT3', 'CT', 2),
(4, 'Hoc phan CT4', 'CT', 3),
(5, 'Hoc phan CT5', 'CT', NULL),
(6, 'Hoc phan CT6', 'CT', NULL),
(7, 'Hoc phan CT7', 'CT', 6),
(8, 'Hoc phan CT8', 'CT', 7),
(9, 'Hoc phan CT9', 'CT', NULL),
(10, 'Hoc phan CT10', 'CT', 9),
(11, 'Hoc phan QS1', 'QS', NULL),
(12, 'Hoc phan QS2', 'QS', NULL),
(13, 'Hoc phan QS3', 'QS', 12),
(14, 'Hoc phan QS4', 'QS', 13),
(15, 'Hoc phan QS5', 'QS', NULL),
(16, 'Hoc phan QS6', 'QS', NULL),
(17, 'Hoc phan QS7', 'QS', 16),
(18, 'Hoc phan QS8', 'QS', NULL),
(19, 'Hoc phan QS9', 'QS', 17),
(20, 'Hoc phan QS10', 'QS', 19);

-- Lecturer
INSERT INTO Lecturer (id, full_name, faculty, max_sessions_per_week) VALUES
(1, 'Le Van C', 'CT', 10),
(2, 'Pham Thi D', 'CT', 8),
(3, 'Nguyen Van E', 'CT', 12),
(4, 'Le Thi F', 'CT', 10),
(5, 'Tran Thi G', 'CT', 8),
(6, 'Nguyen Thi H', 'QS', 12),
(7, 'Phan Van I', 'QS', 12),
(8, 'Do Van J', 'QS', 10),
(9, 'Dang Thi K', 'QS', 8),
(10, 'Ta Van L', 'QS', 12);

-- Location
INSERT INTO Location (id, name, capacity) VALUES
(1, 'Phong A101', 1),
(2, 'Phong A102', 1),
(3, 'Phong A103', 1),
(4, 'Phong B101', 1),
(5, 'Phong B202', 1),
(6, 'Phong B103', 1),
(7, 'Phong C301', 1),
(8, 'Phong C302', 1),
(9, 'Phong C303', 1),
(10, 'Doi sau truong', 3),
(11, 'Doi truoc truong', 3),
(12, 'San the duc', 5),
(13, 'Thao truong', 5);


-- Team
INSERT INTO Team (id, name, program, team_leader_id) VALUES
(1, 'Team1', 'DH', 1),
(2, 'Team2', 'DH', 2),
(3, 'Team3', 'DH', 3),
(4, 'Team4', 'DH', 4),
(5, 'Team5', 'DH', 5),
(6, 'Team6', 'DH', 6),
(7, 'Team7', 'DH', 7),
(8, 'Team8', 'DH', 8),
(9, 'Team9', 'CD', 9),
(10, 'Team2', 'CD', 10);

-- Schedule
INSERT INTO Schedule (id, file_path) VALUES
('07042025-13042025', 'path/schedule1.csv'),
('14042025-20042025', 'path/schedule2.csv');

-- Location_Subject
INSERT INTO Location_Subject (location_id, subject_id) VALUES
(1, 1),
(2, 1),
(3, 1),
(4, 1),
(5, 1),
(6, 1),
(7, 1),
(8, 1),
(9, 1),
(1, 2),
(2, 2),
(3, 2),
(4, 2),
(5, 2),
(6, 2),
(7, 2),
(8, 2),
(9, 2),
(1, 3),
(2, 3),
(3, 3),
(4, 3),
(5, 3),
(6, 3),
(7, 3),
(8, 3),
(9, 3),
(1, 4),
(2, 4),
(3, 4),
(4, 4),
(5, 4),
(6, 4),
(7, 4),
(8, 4),
(9, 4),
(1, 5),
(2, 5),
(3, 5),
(4, 5),
(5, 5),
(6, 5),
(7, 5),
(8, 5),
(9, 5),
(1, 6),
(2, 6),
(3, 6),
(4, 6),
(5, 6),
(6, 6),
(7, 6),
(8, 6),
(9, 6),
(1, 7),
(2, 7),
(3, 7),
(4, 7),
(5, 7),
(6, 7),
(7, 7),
(8, 7),
(9, 7),
(1, 8),
(2, 8),
(3, 8),
(4, 8),
(5, 8),
(6, 8),
(7, 8),
(8, 8),
(9, 8),
(1, 9),
(2, 9),
(3, 9),
(4, 9),
(5, 9),
(6, 9),
(7, 9),
(8, 9),
(9, 9),
(1, 10),
(2, 10),
(3, 10),
(4, 10),
(5, 10),
(6, 10),
(7, 10),
(8, 10),
(9, 10),
(1, 11),
(2, 11),
(3, 11),
(4, 11),
(5, 11),
(6, 11),
(7, 11),
(8, 11),
(9, 11),
(1, 12),
(2, 12),
(3, 12),
(4, 12),
(5, 12),
(6, 12),
(7, 12),
(8, 12),
(9, 12),
(1, 13),
(2, 13),
(3, 13),
(4, 13),
(5, 13),
(6, 13),
(7, 13),
(8, 13),
(9, 13),
(10, 14),
(11, 14),
(12, 14),
(13, 14),
(10, 15),
(11, 15),
(12, 15),
(13, 15),
(10, 16),
(11, 16),
(12, 16),
(13, 16),
(10, 17),
(11, 17),
(12, 17),
(13, 17),
(10, 18),
(11, 18),
(12, 18),
(13, 18),
(10, 19),
(11, 19),
(12, 19),
(13, 19),
(10, 20),
(11, 20),
(12, 20),
(13, 20);

-- Lecturer_Specialization
INSERT INTO Lecturer_Specialization (lecturer_id, subject_id) VALUES
(1, 1),
(3, 1),
(4, 1),
(5, 1),
(1, 2),
(3, 2),
(4, 2),
(5, 2),
(1, 3),
(4, 3),
(1, 4),
(3, 4),
(4, 4),
(5, 4),
(1, 5),
(2, 5),
(2, 6),
(4, 6),
(5, 6),
(1, 7),
(2, 7),
(5, 7),
(1, 8),
(4, 8),
(5, 8),
(1, 9),
(3, 9),
(4, 9),
(1, 10),
(3, 10),
(5, 10),
(6, 11),
(8, 11),
(9, 11),
(6, 12),
(8, 12),
(10, 12),
(7, 13),
(9, 13),
(10, 13),
(6, 14),
(7, 14),
(10, 14),
(6, 15),
(9, 15),
(10, 15),
(6, 16),
(7, 16),
(9, 16),
(10, 16),
(6, 17),
(9, 17),
(10, 17),
(6, 18),
(8, 18),
(9, 18),
(10, 18),
(6, 19),
(9, 19),
(10, 19),
(7, 20),
(9, 20),
(10, 20);

-- Curriculum_Subject
INSERT INTO Curriculum_Subject (curriculum_id, subject_id) VALUES
(1, 1),
(1, 2),
(1, 3),
(1, 4),
(1, 5),
(1, 6),
(1, 7),
(1, 8),
(1, 9),
(1, 10),
(1, 11),
(1, 12),
(1, 13),
(1, 14),
(1, 15),
(1, 16),
(1, 17),
(1, 18),
(1, 19),
(1, 20),
(2, 1),
(2, 2),
(2, 3),
(2, 4),
(2, 6),
(2, 8),
(2, 9),
(2, 10),
(2, 11),
(2, 12),
(2, 13),
(2, 14),
(2, 16),
(2, 18),
(2, 19),
(2, 20);

-- Turn of foreign key checks to avoid errors when modifying the tables
SET FOREIGN_KEY_CHECKS = 0;

-- Change ID columns to AUTO_INCREMENT
ALTER TABLE Curriculum MODIFY id INT NOT NULL AUTO_INCREMENT;
ALTER TABLE Subject MODIFY id INT NOT NULL AUTO_INCREMENT;
ALTER TABLE Lecturer MODIFY id INT NOT NULL AUTO_INCREMENT;
ALTER TABLE Location MODIFY id INT NOT NULL AUTO_INCREMENT;
ALTER TABLE Team MODIFY id INT NOT NULL AUTO_INCREMENT;

-- Turn it back on
SET FOREIGN_KEY_CHECKS = 1;